Unnamed: 0,UniProt ID,Gene,Mutation,Class,ANDN920101,ARGP820101,ARGP820102,ARGP820103,BEGF750101,BEGF750102,BEGF750103,BHAR880101,BIGC670101,BIOV880101,bf_peptide,af_peptide,bf_peptide_ratio,af_peptide_ratio
7592,Q14093,CYLC2,N16Y,Driver,-0.15000000000000036,1.8199999999999998,0.16,0.41000000000000003,0.09000000000000002,0.2799999999999999,-0.13,-0.04300000000000004,40.5,127.0,DN,NY,inf,inf
13058,Q9UM47,NOTC3,H823N,Driver,0.1200000000000001,-0.55,-0.07999999999999999,-0.019999999999999962,-0.25,-0.2799999999999999,0.21999999999999997,0.14,-16.200000000000003,-124.0,PH,HG,inf,inf
4413,Q9NUZ1,ACOXL,F208L,Driver,-0.4900000000000002,-0.49,1.27,0.9000000000000004,0.4,-0.15000000000000002,0.0,0.05099999999999999,-11.900000000000006,-44.0,KF,FG,inf,inf
1944,Q8NAP3,ZBT38,H1095R,Driver,-0.25,-0.010000000000000009,-0.10999999999999999,0.16000000000000003,-0.07999999999999996,-0.10999999999999999,0.08999999999999997,0.20600000000000002,17.19999999999999,-120.0,YH,HC,inf,inf
5149,Q52LW3,RHG29,M58V,Driver,-0.5699999999999994,0.14000000000000012,-1.5899999999999999,-1.82,-0.18000000000000005,0.0,-0.27,0.09100000000000003,-12.600000000000009,-1.0,HM,ML,inf,inf
11225,Q8N0V4,LGI2,W181C,Driver,-0.04999999999999982,-1.5799999999999998,1.1199999999999999,0.1499999999999999,-0.6699999999999999,-0.12,-0.13,0.04099999999999998,-67.10000000000001,23.0,LW,WL,inf,inf
3669,O60667,FAIM3,L5F,Driver,0.4900000000000002,0.49,-1.27,-0.9000000000000004,-0.4,0.15000000000000002,0.0,-0.05099999999999999,11.900000000000006,44.0,WL,LW,inf,inf
4153,Q9Y2A9,B3GN3,G171R,Driver,0.4099999999999997,0.53,-0.29,-0.16999999999999998,0.17000000000000004,0.06999999999999995,-0.13,-0.015000000000000013,72.8,-57.0,HG,GD,inf,inf
9547,Q9P0K8,FOXJ2,W14C,Driver,-0.04999999999999982,-1.5799999999999998,1.1199999999999999,0.1499999999999999,-0.6699999999999999,-0.12,-0.13,0.04099999999999998,-67.10000000000001,23.0,DW,WL,inf,inf
